{"guide_backup-restore.md":"1AeEQx7L","guide_changelog.md":"DYMiiiaQ","guide_changelog_v2.0.1.md":"CWBCP1KC","guide_changelog_v2.0.2.md":"B0B5Fcg-","guide_changelog_v2.0.3.md":"BBya28tx","guide_changelog_v2.0.4.md":"C4S_7nd9","guide_deployment_directory-structure.md":"DLKXHiuc","guide_deployment_docker-compose.md":"D4oFnoDs","guide_deployment_docker.md":"Co7KDDgW","guide_deployment_migration.md":"CMaWtV4m","guide_deployment_preparation.md":"DKKA9qct","guide_faq_password.md":"_HcN57_9","guide_faq_qbtr.md":"BqTGAADr","guide_faq_update.md":"tuC5nMm0","guide_getting-started.md":"iTp3xMPy","guide_introduction.md":"3QLsMzgJ","index.md":"C-LiOSQv","support.md":"BSeM6Fx1"}
